Account Length,Int'l Plan,VMail Plan,VMail Message,Day Mins,Day Calls,Day Charge,Eve Mins,Eve Calls,Eve Charge,Night Mins,Night Calls,Night Charge,Intl Mins,Intl Calls,Intl Charge,CustServ Calls,Churn?
162,0,0,0,115.1,89,19.57,196.8,111,16.73,212.4,98,9.56,11.4,3,3.08,2,0
140,0,0,0,159.1,104,27.05,269.8,106,22.93,220.4,116,9.92,10.3,4,2.78,1,0
88,0,0,0,161.5,92,27.46,173.5,108,14.75,206.2,95,9.28,7.9,4,2.13,2,0
110,0,0,0,192.6,102,32.74,178.9,118,15.21,214.6,74,9.66,9.4,4,2.54,1,0
27,0,0,0,72.7,75,12.36,208.6,117,17.73,65.8,71,2.96,9.9,3,2.67,1,0
50,0,0,0,131.7,108,22.39,216.5,103,18.4,196.1,126,8.82,11.0,5,2.97,1,0
179,0,0,0,287.3,123,48.84,288.0,114,24.48,266.0,112,11.97,10.5,4,2.84,0,1
110,0,0,0,271.1,108,46.09,237.0,122,20.15,239.9,122,10.8,9.8,5,2.65,2,1
142,0,0,0,232.5,74,39.53,181.8,142,15.45,203.1,86,9.14,10.4,6,2.81,4,0
72,0,0,0,287.4,116,48.86,235.3,126,20.0,292.1,114,13.14,5.0,3,1.35,4,1
91,0,1,44,216.6,101,36.82,173.1,98,14.71,242.1,95,10.89,9.1,3,2.46,1,0
121,0,1,28,110.0,94,18.7,141.5,76,12.03,237.3,87,10.68,6.4,3,1.73,2,0
105,0,1,33,209.6,68,35.63,146.9,140,12.49,121.0,131,5.44,10.6,3,2.86,2,0
45,0,0,0,78.6,106,13.36,187.3,110,15.92,184.2,111,8.29,7.4,5,2.0,1,1
138,0,0,0,87.6,112,14.89,266.9,107,22.69,214.6,104,9.66,9.8,10,2.65,2,0
99,0,0,0,200.0,66,34.0,107.9,104,9.17,233.7,82,10.52,11.4,2,3.08,3,0
127,0,1,19,129.7,115,22.05,160.8,101,13.67,265.0,63,11.93,12.2,3,3.29,2,0
54,0,0,0,272.6,83,46.34,248.7,74,21.14,197.4,111,8.88,9.5,2,2.57,1,1
63,1,0,0,62.9,112,10.69,202.9,111,17.25,259.0,58,11.66,8.9,8,2.4,1,0
94,0,0,0,137.5,118,23.38,203.2,88,17.27,150.0,131,6.75,13.4,2,3.62,0,0
148,0,0,0,153.6,148,26.11,262.1,87,22.28,225.5,99,10.15,9.8,3,2.65,2,0
40,1,0,0,170.7,55,29.02,179.1,108,15.22,281.9,89,12.69,8.2,9,2.21,3,0
101,0,0,0,217.7,118,37.01,231.7,128,19.69,185.3,128,8.34,0.0,0,0.0,3,0
80,0,0,0,220.0,114,37.4,207.7,76,17.65,168.4,137,7.58,12.1,3,3.27,2,0
137,0,0,0,104.7,115,17.8,249.8,144,21.23,192.3,99,8.65,8.9,2,2.4,1,0
107,0,1,14,114.3,132,19.43,199.8,91,16.98,194.7,74,8.76,7.5,8,2.03,1,0
113,0,0,0,215.5,129,36.64,218.7,117,18.59,207.1,91,9.32,6.6,9,1.78,4,0
66,0,1,36,106.7,76,18.14,209.8,77,17.83,190.4,117,8.57,12.1,2,3.27,1,0
155,1,1,26,211.7,121,35.99,139.2,123,11.83,146.7,89,6.6,11.1,3,3.0,1,0
162,0,0,0,217.6,87,36.99,279.0,71,23.72,250.7,65,11.28,10.4,4,2.81,2,1
49,0,0,0,119.4,69,20.3,273.3,92,23.23,214.4,153,9.65,12.4,7,3.35,2,0
109,0,0,0,200.1,72,34.02,300.9,120,25.58,236.0,68,10.62,11.9,5,3.21,0,0
99,1,0,0,197.2,127,33.52,156.0,92,13.26,204.1,99,9.18,9.9,6,2.67,4,0
167,0,0,0,169.2,124,28.76,173.3,108,14.73,216.5,64,9.74,12.4,4,3.35,4,1
58,0,0,0,149.4,145,25.4,196.5,105,16.7,209.5,108,9.43,14.9,3,4.02,1,0
59,0,0,0,179.4,80,30.5,232.5,99,19.76,175.8,105,7.91,14.7,3,3.97,0,0
60,0,0,0,221.1,106,37.59,178.6,48,15.18,202.7,90,9.12,7.4,3,2.0,1,0
108,1,1,42,130.1,90,22.12,167.0,128,14.2,244.7,80,11.01,13.6,5,3.67,3,1
72,0,0,0,147.0,79,24.99,162.3,103,13.8,162.9,80,7.33,10.5,4,2.84,1,0
103,0,0,0,190.9,62,32.45,226.6,53,19.26,230.1,96,10.35,7.8,3,2.11,2,0
130,0,0,0,271.8,129,46.21,237.2,128,20.16,210.1,91,9.45,8.7,2,2.35,4,1
64,0,0,0,148.1,73,25.18,164.9,101,14.02,216.0,125,9.72,12.3,2,3.32,5,1
63,0,1,29,142.3,107,24.19,118.7,56,10.09,240.1,91,10.8,6.6,8,1.78,1,0
113,0,0,0,186.0,55,31.62,237.4,105,20.18,148.1,83,6.66,12.2,6,3.29,1,0
121,0,1,35,68.7,95,11.68,209.2,69,17.78,197.4,42,8.88,11.4,4,3.08,1,0
55,0,0,0,194.1,121,33.0,176.6,110,15.01,302.8,136,13.63,7.0,7,1.89,2,0
87,0,1,30,262.8,114,44.68,215.8,130,18.34,154.8,88,6.97,7.8,2,2.11,0,0
96,0,0,0,97.6,98,16.59,105.5,118,8.97,220.2,105,9.91,11.6,9,3.13,1,0
75,0,1,46,214.1,62,36.4,200.9,111,17.08,246.8,126,11.11,9.2,6,2.48,0,0
87,0,1,19,165.8,122,28.19,186.9,89,15.89,249.7,78,11.24,0.0,0,0.0,1,0
119,0,0,0,98.8,97,16.8,146.9,68,12.49,190.7,105,8.58,10.0,4,2.7,3,0
44,0,0,0,308.6,139,52.46,150.8,94,12.82,198.7,66,8.94,7.3,3,1.97,4,1
143,0,0,0,110.1,113,18.72,169.0,59,14.37,166.7,94,7.5,9.2,2,2.48,1,0
108,0,1,41,171.6,110,29.17,136.1,78,11.57,183.4,103,8.25,10.8,7,2.92,0,0
141,0,0,0,185.1,126,31.47,233.0,98,19.81,152.2,106,6.85,9.1,7,2.46,0,0
99,0,0,0,174.1,102,29.6,99.1,118,8.42,211.6,126,9.52,7.7,2,2.08,2,0
48,0,0,0,128.2,71,21.79,48.1,78,4.09,116.3,80,5.23,8.9,3,2.4,0,0
112,1,1,16,200.3,72,34.05,197.8,91,16.81,151.1,92,6.8,10.4,3,2.81,1,0
131,1,1,26,292.9,101,49.79,199.7,97,16.97,255.3,127,11.49,13.8,7,3.73,4,1
161,0,0,0,221.7,95,37.69,193.0,82,16.41,194.1,113,8.73,6.5,4,1.76,3,0
119,0,1,35,217.1,92,36.91,220.8,134,18.77,249.5,93,11.23,8.0,5,2.16,2,0
64,0,1,40,210.0,116,35.7,232.7,89,19.78,168.8,94,7.6,5.9,4,1.59,8,0
157,0,0,0,229.8,90,39.07,147.9,121,12.57,241.4,108,10.86,9.6,7,2.59,3,0
95,0,0,0,149.2,96,25.36,260.7,116,22.16,201.0,120,9.05,8.1,2,2.19,1,0
93,0,0,0,190.7,114,32.42,218.2,111,18.55,129.6,121,5.83,8.1,3,2.19,3,0
146,0,1,31,202.5,91,34.43,241.4,108,20.52,169.6,77,7.63,7.8,2,2.11,1,0
98,0,0,0,217.2,121,36.92,303.4,73,25.79,197.1,71,8.87,12.4,2,3.35,0,1
109,0,0,0,175.4,125,29.82,250.7,87,21.31,289.3,74,13.02,9.8,9,2.65,1,0
112,0,1,27,213.0,121,36.21,226.2,101,19.23,189.8,99,8.54,11.1,3,3.0,4,0
61,0,1,20,254.4,133,43.25,161.7,96,13.74,251.4,91,11.31,10.5,4,2.84,0,0
68,0,0,0,158.8,119,27.0,211.8,105,18.0,198.1,101,8.91,10.3,3,2.78,1,0
146,1,0,0,204.4,135,34.75,219.1,90,18.62,222.7,114,10.02,10.5,6,2.84,3,0
112,0,0,0,272.5,119,46.33,226.1,94,19.22,159.1,94,7.16,16.4,5,4.43,3,1
122,0,0,0,145.6,102,24.75,284.7,111,24.2,228.2,91,10.27,12.2,5,3.29,0,0
128,0,0,0,179.4,94,30.5,270.4,92,22.98,191.0,88,8.59,7.9,4,2.13,0,0
123,0,1,23,245.0,88,41.65,265.0,105,22.53,239.7,108,10.79,14.9,3,4.02,2,0
185,0,0,0,55.6,97,9.45,288.7,83,24.54,111.2,110,5.0,12.1,3,3.27,2,0
108,0,0,0,240.2,78,40.83,230.3,109,19.58,217.0,83,9.76,5.2,1,1.4,2,0
66,0,0,0,207.7,85,35.31,196.7,112,16.72,261.7,83,11.78,6.8,3,1.84,1,0
78,0,0,0,193.1,85,32.83,172.1,105,14.63,129.6,119,5.83,10.2,1,2.75,0,0
72,0,0,0,139.9,117,23.78,223.6,96,19.01,240.8,93,10.84,12.7,4,3.43,2,0
201,0,0,0,212.7,72,36.16,225.2,90,19.14,195.1,99,8.78,7.0,6,1.89,1,0
40,0,0,0,115.7,105,19.67,127.8,113,10.86,107.5,91,4.84,9.3,6,2.51,1,0
154,1,0,0,145.9,69,24.8,208.2,141,17.7,180.9,106,8.14,14.4,10,3.89,0,1
115,0,0,0,206.2,113,35.05,176.4,102,14.99,297.1,119,13.37,11.0,7,2.97,1,0
17,1,0,0,162.8,118,27.68,229.6,91,19.52,332.7,94,14.97,13.6,3,3.67,0,1
55,0,1,39,139.3,101,23.68,178.3,117,15.16,246.5,104,11.09,8.1,1,2.19,3,0
165,0,0,0,156.0,88,26.52,276.1,81,23.47,175.9,94,7.92,9.3,5,2.51,1,0
134,0,1,38,214.4,93,36.45,211.7,57,17.99,165.0,79,7.43,10.0,8,2.7,1,0
127,0,0,0,96.0,117,16.32,177.0,68,15.05,162.2,127,7.3,9.7,4,2.62,3,0
38,0,0,0,194.4,94,33.05,186.7,95,15.87,223.3,90,10.05,10.8,5,2.92,3,0
63,0,0,0,211.7,107,35.99,271.7,77,23.09,203.3,108,9.15,7.4,7,2.0,0,0
95,0,1,32,247.0,109,41.99,125.6,91,10.68,226.5,90,10.19,10.5,4,2.84,3,0
92,0,0,0,197.0,84,33.49,269.3,105,22.89,158.9,105,7.15,10.8,4,2.92,1,0
93,0,0,0,152.1,141,25.86,215.5,107,18.32,262.4,111,11.81,12.0,7,3.24,1,0
161,0,0,0,151.6,117,25.77,219.4,87,18.65,224.7,68,10.11,4.0,5,1.08,1,0
110,0,0,0,196.1,103,33.34,199.7,123,16.97,135.9,71,6.12,12.9,1,3.48,3,0
116,0,1,23,253.0,78,43.01,138.9,121,11.81,277.8,104,12.5,11.8,3,3.19,2,0
109,0,1,46,217.5,123,36.98,233.7,84,19.86,163.9,99,7.38,9.0,3,2.43,4,0
127,0,0,0,134.9,79,22.93,221.5,114,18.83,113.8,118,5.12,15.0,2,4.05,1,0
97,0,0,0,168.6,87,28.66,259.2,105,22.03,279.8,123,12.59,7.3,4,1.97,1,0
71,0,0,0,103.3,103,17.56,138.5,79,11.77,164.8,98,7.42,9.0,2,2.43,2,0
157,0,0,0,168.6,71,28.66,205.1,48,17.43,175.8,88,7.91,5.9,2,1.59,3,0
50,1,1,26,307.1,94,52.21,289.4,78,24.6,174.9,109,7.87,8.0,3,2.16,0,0
54,0,1,33,112.0,90,19.04,208.0,112,17.68,150.3,83,6.76,11.3,4,3.05,2,0
117,0,0,0,143.3,103,24.36,211.3,108,17.96,185.2,96,8.33,11.5,3,3.11,1,0
122,0,0,0,296.4,99,50.39,214.8,89,18.26,133.9,107,6.03,11.4,3,3.08,4,1
70,0,0,0,232.1,122,39.46,292.3,112,24.85,201.2,112,9.05,0.0,0,0.0,3,0
47,0,1,37,163.5,77,27.8,203.1,102,17.26,232.0,87,10.44,7.8,4,2.11,2,0
109,0,0,0,162.6,138,27.64,154.0,109,13.09,209.7,118,9.44,11.5,4,3.11,0,0
124,0,0,0,157.5,70,26.78,130.7,79,11.11,193.4,98,8.7,9.6,4,2.59,3,0
108,0,1,15,165.1,85,28.07,267.0,93,22.7,250.7,114,11.28,10.9,4,2.94,1,0
189,0,0,0,227.4,84,38.66,176.0,81,14.96,206.1,120,9.27,6.3,4,1.7,2,0
78,0,0,0,139.2,140,23.66,191.4,113,16.27,286.5,125,12.89,11.8,3,3.19,3,0
69,0,0,0,143.6,88,24.41,141.8,86,12.05,194.0,83,8.73,10.8,5,2.92,3,0
61,1,0,0,78.2,103,13.29,195.9,149,16.65,108.0,100,4.86,10.1,6,2.73,2,0
73,0,0,0,137.1,102,23.31,210.8,114,17.92,191.4,120,8.61,11.1,4,3.0,1,0
148,0,0,0,279.3,104,47.48,201.6,87,17.14,280.8,99,12.64,7.9,2,2.13,2,1
114,0,0,0,189.8,101,32.27,147.7,80,12.55,172.7,121,7.77,10.6,5,2.86,1,0
98,0,1,29,111.1,105,18.89,217.9,101,18.52,248.1,108,11.16,6.6,3,1.78,2,0
221,0,1,24,180.5,85,30.69,224.1,92,19.05,205.7,103,9.26,2.4,3,0.65,0,0
65,0,0,0,187.9,116,31.94,157.6,117,13.4,227.3,86,10.23,7.5,6,2.03,1,0
46,0,0,0,199.2,111,33.86,175.1,83,14.88,210.6,84,9.48,10.2,2,2.75,3,0
48,0,0,0,171.9,98,29.22,159.0,127,13.52,139.5,101,6.28,7.6,3,2.05,2,0
73,0,0,0,175.4,130,29.82,248.1,105,21.09,122.4,85,5.51,12.2,4,3.29,0,0
87,0,0,0,153.3,106,26.06,224.5,117,19.08,273.4,152,12.3,8.9,5,2.4,2,0
127,1,0,0,256.5,87,43.61,222.1,101,18.88,156.7,122,7.05,13.0,3,3.51,1,0
89,0,0,0,89.7,80,15.25,179.8,81,15.28,145.7,120,6.56,9.5,4,2.57,2,0
108,0,0,0,193.3,126,32.86,154.7,85,13.15,174.8,98,7.87,9.4,6,2.54,3,0
65,0,1,23,224.2,106,38.11,189.6,100,16.12,222.8,75,10.03,9.8,4,2.65,0,0
113,0,0,0,239.7,47,40.75,282.9,110,24.05,238.4,88,10.73,8.7,3,2.35,2,1
65,0,0,0,129.1,137,21.95,228.5,83,19.42,208.8,111,9.4,12.7,6,3.43,4,1
126,0,1,31,278.0,88,47.26,253.2,65,21.52,223.2,114,10.04,8.7,4,2.35,0,0
83,0,0,0,221.4,103,37.64,231.8,103,19.7,122.5,100,5.51,9.8,5,2.65,3,0
67,0,0,0,115.5,70,19.64,252.2,143,21.44,208.9,91,9.4,7.5,6,2.03,0,0
66,0,0,0,146.4,107,24.89,196.5,99,16.7,230.1,106,10.35,7.8,2,2.11,1,0
172,0,0,0,215.7,140,36.67,146.3,84,12.44,264.6,83,11.91,7.1,1,1.92,3,0
42,0,0,0,150.7,52,25.62,246.7,96,20.97,103.8,118,4.67,7.0,4,1.89,2,0
181,0,0,0,143.3,91,24.36,195.5,58,16.62,223.3,95,10.05,6.0,7,1.62,1,0
91,0,0,0,189.3,100,32.18,239.3,107,20.34,89.7,89,4.04,9.9,3,2.67,3,0
154,0,0,0,350.8,75,59.64,216.5,94,18.4,253.9,100,11.43,10.1,9,2.73,1,1
56,0,0,0,91.1,90,15.49,179.3,115,15.24,300.7,89,13.53,11.9,8,3.21,2,0
48,0,0,0,188.4,63,32.03,165.9,89,14.1,205.7,71,9.26,13.2,2,3.56,1,0
122,0,0,0,173.6,110,29.51,91.7,84,7.79,211.7,103,9.53,9.7,7,2.62,3,0
50,0,0,0,157.1,90,26.71,223.3,72,18.98,181.4,111,8.16,6.1,2,1.65,1,0
101,0,0,0,206.6,105,35.12,224.9,117,19.12,249.9,100,11.25,14.6,3,3.94,0,0
183,0,0,0,190.0,100,32.3,246.6,78,20.96,304.2,107,13.69,9.5,4,2.57,1,0
121,0,0,0,168.6,121,28.66,168.6,94,14.33,95.3,59,4.29,12.3,4,3.32,1,0
163,0,1,40,231.9,56,39.42,211.8,91,18.0,268.5,74,12.08,12.3,3,3.32,2,0
96,0,0,0,144.0,102,24.48,224.7,73,19.1,227.7,91,10.25,10.0,7,2.7,1,0
117,0,0,0,102.8,119,17.48,206.7,91,17.57,299.0,105,13.46,10.1,7,2.73,1,0
118,0,0,0,140.4,112,23.87,187.1,60,15.9,207.9,155,9.36,7.9,1,2.13,0,0
100,0,0,0,179.1,123,30.45,196.6,132,16.71,186.7,116,8.4,10.2,10,2.75,1,0
149,0,0,0,242.5,83,41.23,245.4,97,20.86,219.6,80,9.88,10.0,3,2.7,3,1
82,0,0,0,197.7,101,33.61,127.6,83,10.85,142.1,103,6.39,13.5,3,3.65,1,0
93,1,0,0,312.0,109,53.04,129.4,100,11.0,217.6,74,9.79,10.5,2,2.84,0,1
137,0,0,0,243.4,114,41.38,121.2,110,10.3,162.6,104,7.32,12.2,5,3.29,0,0
129,0,1,37,205.0,94,34.85,165.4,103,14.06,185.0,81,8.32,11.7,8,3.16,1,0
165,0,1,39,167.4,113,28.46,172.7,94,14.68,192.6,113,8.67,9.5,4,2.57,3,0
106,0,0,0,165.3,118,28.1,210.0,101,17.85,187.2,93,8.42,8.5,3,2.3,2,0
60,0,0,0,125.1,99,21.27,248.8,62,21.15,211.3,79,9.51,11.2,3,3.02,3,0
141,0,1,37,185.4,87,31.52,178.5,128,15.17,218.3,107,9.82,8.0,3,2.16,4,0
107,1,0,0,133.3,106,22.66,182.9,89,15.55,241.1,123,10.85,12.9,2,3.48,3,1
65,0,0,0,192.0,89,32.64,139.5,88,11.86,187.4,102,8.43,5.5,4,1.49,2,0
141,0,0,0,192.4,111,32.71,156.9,87,13.34,175.8,82,7.91,11.0,6,2.97,0,0
151,0,1,17,214.7,97,36.5,138.5,90,11.77,169.1,44,7.61,8.6,4,2.32,1,0
86,0,0,0,223.9,75,38.06,155.7,109,13.23,150.2,143,6.76,7.3,9,1.97,1,0
129,0,0,0,54.7,131,9.3,256.1,105,21.77,176.6,135,7.95,11.1,4,3.0,1,0
114,0,1,19,154.6,100,26.28,241.6,109,20.54,160.0,112,7.2,12.6,1,3.4,3,0
24,0,0,0,149.0,73,25.33,131.0,81,11.14,238.6,69,10.74,8.6,3,2.32,2,1
93,0,0,0,271.6,71,46.17,229.4,108,19.5,77.3,121,3.48,10.9,3,2.94,2,0
112,0,0,0,167.6,100,28.49,154.5,90,13.13,281.4,107,12.66,17.3,3,4.67,2,0
131,0,1,25,192.7,85,32.76,225.9,105,19.2,254.2,59,11.44,10.9,6,2.94,2,0
143,0,0,0,155.5,101,26.44,213.4,89,18.14,237.9,61,10.71,7.6,11,2.05,1,0
92,0,1,31,172.3,116,29.29,266.2,91,22.63,228.2,90,10.27,11.8,5,3.19,1,0
53,0,1,24,145.7,146,24.77,220.5,136,18.74,249.9,96,11.25,13.1,5,3.54,3,0
25,0,0,0,242.6,69,41.24,209.0,117,17.77,219.7,82,9.89,14.4,6,3.89,2,0
132,0,1,25,113.2,96,19.24,269.9,107,22.94,229.1,87,10.31,7.1,7,1.92,2,0
116,0,0,0,129.4,84,22.0,157.3,89,13.37,215.5,77,9.7,13.3,3,3.59,0,0
69,1,1,33,271.5,98,46.16,253.4,102,21.54,165.4,85,7.44,8.2,2,2.21,1,1
110,0,1,40,202.6,103,34.44,118.8,128,10.1,234.9,98,10.57,9.0,9,2.43,2,0
104,0,0,0,264.0,108,44.88,132.2,75,11.24,177.7,91,8.0,10.6,8,2.86,3,0
100,1,0,0,107.2,98,18.22,86.8,122,7.38,156.2,117,7.03,9.7,4,2.62,1,0
118,0,0,0,154.8,71,26.32,244.0,73,20.74,159.6,81,7.18,12.8,4,3.46,0,0
106,0,0,0,213.9,95,36.36,151.9,70,12.91,260.1,124,11.7,12.2,5,3.29,3,0
145,0,0,0,175.8,89,29.89,274.3,119,23.32,226.6,69,10.2,12.4,4,3.35,1,0
166,0,0,0,199.6,93,33.93,214.3,99,18.22,196.8,110,8.86,7.2,5,1.94,3,0
184,1,0,0,213.8,105,36.35,159.6,84,13.57,139.2,137,6.26,5.0,10,1.35,2,0
99,0,0,0,159.7,83,27.15,155.4,121,13.21,255.7,114,11.51,8.4,3,2.27,1,0
54,0,1,39,206.9,143,35.17,127.8,72,10.86,199.2,120,8.96,9.2,1,2.48,3,0
120,0,0,0,149.2,98,25.36,193.6,88,16.46,248.9,119,11.2,11.1,5,3.0,1,0
79,0,1,21,264.3,79,44.93,202.8,118,17.24,173.4,92,7.8,6.3,3,1.7,4,0
99,0,0,0,145.6,102,24.75,230.9,87,19.63,181.5,86,8.17,11.4,7,3.08,1,0
130,0,0,0,150.4,119,25.57,230.5,99,19.59,186.3,76,8.38,12.3,4,3.32,1,0
137,0,0,0,141.1,91,23.99,147.2,100,12.51,254.7,75,11.46,8.0,7,2.16,2,0
100,0,1,26,153.7,115,26.13,137.8,146,11.71,213.5,104,9.61,15.9,5,4.29,1,0
61,0,1,33,270.7,53,46.02,200.7,116,17.06,201.7,102,9.08,10.9,3,2.94,3,0
119,0,0,0,124.3,68,21.13,207.1,88,17.6,157.4,93,7.08,14.8,1,4.0,0,0
137,0,0,0,242.1,118,41.16,191.0,93,16.24,218.6,50,9.84,14.7,2,3.97,3,0
64,1,0,0,225.3,134,38.3,108.2,87,9.2,139.6,132,6.28,17.3,9,4.67,1,1
84,0,0,0,138.6,102,23.56,199.0,93,16.92,204.1,137,9.18,7.8,4,2.11,0,0
107,0,0,0,133.8,85,22.75,180.5,94,15.34,112.2,115,5.05,8.9,4,2.4,0,0
103,0,0,0,246.5,47,41.91,195.5,84,16.62,200.5,96,9.02,11.7,4,3.16,1,0
172,0,0,0,211.7,100,35.99,198.7,101,16.89,301.7,136,13.58,6.5,9,1.76,1,0
135,0,1,28,201.4,100,34.24,246.5,117,20.95,154.8,131,6.97,12.9,4,3.48,2,1
109,0,0,0,184.0,120,31.28,120.4,119,10.23,153.7,86,6.92,11.0,3,2.97,0,0
131,0,1,23,170.8,145,29.04,236.7,93,20.12,294.5,100,13.25,12.7,1,3.43,1,0
129,0,0,0,198.4,91,33.73,264.7,106,22.5,111.4,101,5.01,9.2,2,2.48,2,0
56,0,1,29,37.7,115,6.41,144.1,111,12.25,226.6,101,10.2,4.9,3,1.32,1,0
114,0,0,0,169.6,85,28.83,58.9,86,5.01,179.3,124,8.07,7.4,8,2.0,1,0
101,0,0,0,257.3,84,43.74,184.8,115,15.71,108.9,109,4.9,13.5,7,3.65,0,0
141,0,1,32,322.4,92,54.81,283.2,107,24.07,209.5,111,9.43,6.7,3,1.81,1,1
105,1,1,28,156.1,89,26.54,107.1,114,9.1,167.7,95,7.55,14.7,3,3.97,0,1
109,0,0,0,264.7,69,45.0,305.0,120,25.93,197.4,86,8.88,9.5,9,2.57,1,1
180,0,0,0,139.0,96,23.63,224.9,64,19.12,170.8,118,7.69,15.7,5,4.24,2,0
136,0,1,27,187.7,84,31.91,221.0,147,18.79,145.7,110,6.56,10.0,4,2.7,3,0
40,0,0,0,109.4,107,18.6,244.7,102,20.8,276.9,123,12.46,7.1,7,1.92,0,0
138,0,0,0,251.0,119,42.67,91.2,96,7.75,142.2,87,6.4,13.8,3,3.73,3,0
123,0,0,0,206.9,85,35.17,244.7,78,20.8,221.5,136,9.97,7.7,2,2.08,3,0
101,0,1,42,209.2,82,35.56,159.7,74,13.57,181.6,100,8.17,9.5,3,2.57,0,0
136,0,0,0,109.4,91,18.6,207.5,111,17.64,135.0,107,6.08,11.6,5,3.13,0,0
128,0,1,32,222.9,136,37.89,262.0,80,22.27,191.4,101,8.61,10.8,4,2.92,0,0
64,0,1,37,154.6,92,26.28,83.4,103,7.09,165.9,99,7.47,13.3,3,3.59,1,0
192,0,0,0,221.6,101,37.67,285.2,50,24.24,167.4,83,7.53,12.7,6,3.43,4,0
44,0,0,0,240.3,146,40.85,164.6,83,13.99,240.7,106,10.83,10.6,2,2.86,1,0
148,0,0,0,202.0,102,34.34,243.2,128,20.67,261.3,90,11.76,10.9,3,2.94,1,0
97,0,1,32,168.4,129,28.63,225.9,97,19.2,191.8,95,8.63,8.5,7,2.3,0,0
89,0,1,25,215.1,140,36.57,197.4,69,16.78,162.1,117,7.29,10.6,10,2.86,1,0
33,0,1,29,157.4,99,26.76,117.9,80,10.02,279.2,79,12.56,13.9,11,3.75,4,1
177,0,0,0,175.7,120,29.87,168.6,90,14.33,198.9,110,8.95,14.6,4,3.94,1,0
83,0,1,20,95.0,89,16.15,167.9,92,14.27,200.6,79,9.03,11.2,2,3.02,0,0
82,0,0,0,101.0,93,17.17,155.6,104,13.23,304.4,93,13.7,13.3,2,3.59,0,0
176,0,1,23,283.2,130,48.14,162.6,74,13.82,177.7,104,8.0,7.2,6,1.94,1,0
129,1,0,0,267.4,78,45.46,204.2,85,17.36,111.7,146,5.03,5.9,4,1.59,1,0
73,0,1,28,198.2,107,33.69,139.1,123,11.82,199.1,139,8.96,8.8,1,2.38,2,0
75,0,0,0,150.6,99,25.6,301.5,83,25.63,158.7,104,7.14,8.1,5,2.19,0,0
56,0,0,0,162.3,99,27.59,149.1,78,12.67,255.5,115,11.5,14.8,1,4.0,4,1
146,0,0,0,206.3,151,35.07,148.6,89,12.63,167.2,91,7.52,6.1,3,1.65,1,0
143,0,0,0,160.4,120,27.27,285.9,104,24.3,182.5,85,8.21,6.9,4,1.86,3,0
127,0,0,0,224.3,112,38.13,185.7,103,15.78,159.4,83,7.17,10.0,1,2.7,2,0
120,0,0,0,150.6,85,25.6,119.0,128,10.12,232.9,123,10.48,6.4,2,1.73,1,0
95,0,0,0,197.0,88,33.49,190.4,68,16.18,211.9,104,9.54,16.1,8,4.35,0,0
171,0,0,0,231.2,135,39.3,188.7,74,16.04,206.9,124,9.31,12.3,1,3.32,1,0
95,0,0,0,229.9,116,39.08,202.4,110,17.2,171.4,105,7.71,14.2,6,3.83,1,0
88,0,1,17,219.5,78,37.32,222.1,94,18.88,188.3,92,8.47,16.1,5,4.35,1,0
82,0,0,0,125.7,96,21.37,207.6,137,17.65,183.1,103,8.24,12.9,2,3.48,1,0
98,0,0,0,227.1,116,38.61,120.5,103,10.24,117.0,102,5.27,4.7,4,1.27,5,1
88,0,0,0,202.2,86,34.37,216.8,93,18.43,239.4,99,10.77,11.8,2,3.19,2,0
149,0,1,43,206.7,79,35.14,174.6,122,14.84,241.5,80,10.87,10.9,3,2.94,1,0
149,0,1,28,180.7,92,30.72,187.8,64,15.96,265.5,53,11.95,12.6,3,3.4,3,0
92,0,1,23,167.4,83,28.46,258.6,129,21.98,116.4,110,5.24,11.2,3,3.02,4,0
103,0,1,18,149.9,84,25.48,170.9,84,14.53,171.5,112,7.72,11.5,7,3.11,0,1
130,0,0,0,68.4,86,11.63,193.3,110,16.43,171.5,139,7.72,10.4,4,2.81,0,0
37,1,0,0,172.9,119,29.39,183.0,86,15.56,226.4,100,10.19,9.8,1,2.65,0,1
113,1,0,0,204.3,82,34.73,188.8,115,16.05,139.4,97,6.27,9.2,7,2.48,1,0
63,0,1,32,30.9,113,5.25,187.0,113,15.9,230.8,101,10.39,8.6,7,2.32,1,0
166,0,0,0,203.4,81,34.58,167.7,110,14.25,132.0,124,5.94,9.2,5,2.48,2,0
95,0,0,0,184.2,95,31.31,181.6,101,15.44,143.4,113,6.45,12.8,4,3.46,2,0
105,0,0,0,140.6,109,23.9,178.6,51,15.18,217.0,83,9.76,6.8,3,1.84,2,0
64,0,1,31,228.6,88,38.86,248.5,109,21.12,167.1,124,7.52,9.0,1,2.43,3,0
122,0,0,0,243.8,98,41.45,83.9,72,7.13,179.8,84,8.09,13.7,8,3.7,2,0
67,0,0,0,109.1,117,18.55,217.4,124,18.48,188.4,141,8.48,12.8,6,3.46,0,0
133,0,1,44,174.0,80,29.58,209.4,113,17.8,224.1,87,10.08,14.1,7,3.81,2,1
88,1,0,0,235.1,98,39.97,251.8,79,21.4,285.9,76,12.87,7.2,2,1.94,4,1
86,0,0,0,190.5,115,32.39,179.6,130,15.27,258.5,89,11.63,10.1,5,2.73,3,0
149,0,0,0,175.4,80,29.82,197.4,127,16.78,188.2,102,8.47,9.7,2,2.62,2,0
152,0,0,0,317.8,60,54.03,152.9,100,13.0,123.4,63,5.55,10.4,7,2.81,1,1
151,0,0,0,178.7,116,30.38,292.1,138,24.83,265.9,101,11.97,9.8,4,2.65,0,0
145,0,0,0,199.2,124,33.86,126.0,86,10.71,289.2,135,13.01,7.6,3,2.05,1,0
201,0,0,0,225.9,110,38.4,299.1,86,25.42,251.3,81,11.31,11.2,4,3.02,1,1
117,0,0,0,201.9,86,34.32,212.3,96,18.05,176.9,98,7.96,7.8,10,2.11,1,0
90,0,1,29,150.1,109,25.52,264.7,103,22.5,178.4,97,8.03,5.8,4,1.57,1,0
142,0,1,40,230.7,101,39.22,256.8,88,21.83,263.9,92,11.88,6.4,3,1.73,1,0
55,1,0,0,221.0,115,37.57,165.4,97,14.06,235.4,117,10.59,9.7,4,2.62,1,0
128,0,0,0,125.2,99,21.28,205.4,107,17.46,254.4,111,11.45,18.9,2,5.1,0,0
119,0,1,23,154.0,114,26.18,278.0,137,23.63,228.4,112,10.28,11.8,4,3.19,2,0
70,0,0,0,147.1,105,25.01,200.0,135,17.0,234.9,65,10.57,12.5,9,3.38,3,0
93,1,1,20,187.5,110,31.88,169.8,94,14.43,175.3,127,7.89,12.1,4,3.27,1,0
87,0,0,0,238.0,97,40.46,164.5,97,13.98,282.5,132,12.71,10.6,6,2.86,2,0
82,1,0,0,208.8,101,35.5,213.7,87,18.16,175.1,86,7.88,12.4,6,3.35,3,0
65,0,0,0,158.8,53,27.0,188.5,132,16.02,189.3,87,8.52,9.8,4,2.65,2,0
149,0,1,20,198.9,77,33.81,274.0,88,23.29,190.7,76,8.58,14.3,9,3.86,1,0
107,0,0,0,206.9,79,35.17,262.4,117,22.3,149.3,69,6.72,10.7,3,2.89,0,0
98,0,1,36,168.0,81,28.56,163.2,125,13.87,172.7,120,7.77,8.0,2,2.16,6,1
123,0,0,0,166.9,98,28.37,221.8,77,18.85,243.9,114,10.98,12.8,4,3.46,3,0
123,0,1,39,270.4,99,45.97,245.1,110,20.83,108.9,113,4.9,15.4,7,4.16,1,0
100,1,0,0,68.5,110,11.65,337.1,115,28.65,205.2,99,9.23,12.1,9,3.27,0,0
106,0,0,0,208.3,89,35.41,169.4,67,14.4,102.0,90,4.59,15.9,4,4.29,3,0
91,0,1,39,169.8,105,28.87,65.2,116,5.54,144.4,92,6.5,10.9,4,2.94,1,0
48,0,0,0,197.7,64,33.61,136.7,126,11.62,244.4,81,11.0,13.2,5,3.56,4,0
150,0,0,0,189.3,77,32.18,220.9,105,18.78,238.7,117,10.74,9.2,5,2.48,4,0
97,0,0,0,209.2,134,35.56,0.0,0,0.0,175.4,94,7.89,11.8,6,3.19,1,0
73,0,1,47,173.7,117,29.53,204.0,114,17.34,174.6,94,7.86,6.3,3,1.7,2,0
134,0,0,0,7.8,86,1.33,171.4,100,14.57,186.5,80,8.39,12.9,2,3.48,2,0
182,0,0,0,279.5,118,47.52,203.2,113,17.27,174.2,101,7.84,10.7,4,2.89,2,1
158,0,0,0,155.9,123,26.5,224.2,112,19.06,221.0,116,9.95,8.6,8,2.32,2,0
55,0,0,0,132.0,103,22.44,279.6,114,23.77,180.0,74,8.1,13.5,4,3.65,0,0
76,0,0,0,198.3,130,33.71,217.1,86,18.45,188.4,96,8.48,12.5,3,3.38,0,0
127,0,1,14,143.2,99,24.34,169.9,91,14.44,221.6,77,9.97,11.6,1,3.13,1,0
53,0,0,0,145.1,116,24.67,233.7,82,19.86,208.7,95,9.39,7.9,5,2.13,2,0
137,0,0,0,208.8,120,35.5,225.3,100,19.15,221.6,130,9.97,11.1,5,3.0,0,0
43,0,0,0,241.9,101,41.12,129.4,121,11.0,264.8,104,11.92,5.9,3,1.59,1,0
86,1,0,0,266.1,120,45.24,182.0,92,15.47,206.5,103,9.29,10.3,4,2.78,1,0
81,0,1,36,115.9,120,19.7,236.6,95,20.11,255.0,90,11.48,11.7,6,3.16,3,0
102,0,0,0,144.4,87,24.55,266.5,128,22.65,217.6,59,9.79,7.1,7,1.92,0,0
87,0,1,39,82.6,113,14.04,224.4,63,19.07,163.6,88,7.36,9.5,1,2.57,3,0
96,0,0,0,179.5,125,30.52,162.3,139,13.8,264.5,133,11.9,6.6,2,1.78,1,0
167,0,0,0,131.6,120,22.37,211.3,96,17.96,168.3,97,7.57,11.1,4,3.0,4,1
160,0,0,0,85.8,77,14.59,165.3,110,14.05,178.5,92,8.03,9.2,4,2.48,3,0
104,0,0,0,156.2,93,26.55,193.0,54,16.41,222.7,94,10.02,13.1,5,3.54,1,0
120,0,1,27,128.5,115,21.85,163.7,91,13.91,242.9,121,10.93,0.0,0,0.0,1,0
11,0,1,28,190.6,86,32.4,220.1,122,18.71,180.3,80,8.11,6.0,3,1.62,3,0
87,0,0,0,231.3,105,39.32,171.7,108,14.59,67.7,136,3.05,13.0,6,3.51,1,0
112,0,0,0,81.6,94,13.87,268.1,112,22.79,140.8,75,6.34,8.6,18,2.32,1,0
133,0,0,0,295.0,141,50.15,223.6,101,19.01,229.4,109,10.32,12.9,4,3.48,2,1
73,0,0,0,94.9,121,16.13,253.2,83,21.52,175.1,86,7.88,14.2,2,3.83,2,0
127,0,0,0,182.3,124,30.99,169.9,110,14.44,184.0,116,8.28,9.3,3,2.51,1,0
61,0,0,0,267.1,104,45.41,180.4,131,15.33,230.6,106,10.38,17.3,4,4.67,1,1
114,0,0,0,84.7,118,14.4,249.9,86,21.24,193.4,95,8.7,14.5,8,3.92,1,0
118,0,0,0,188.8,60,32.1,217.4,64,18.48,220.1,100,9.9,8.2,7,2.21,4,0
93,0,1,21,117.9,131,20.04,164.5,115,13.98,217.0,86,9.76,9.8,3,2.65,1,0
126,0,0,0,103.7,93,17.63,127.0,107,10.8,329.3,66,14.82,14.4,1,3.89,0,0
22,0,0,0,181.8,108,30.91,198.6,148,16.88,206.6,96,9.3,9.3,3,2.51,2,0
93,0,1,22,306.2,123,52.05,189.7,83,16.12,240.3,107,10.81,11.7,2,3.16,0,0
113,1,0,0,125.2,93,21.28,206.4,119,17.54,129.3,139,5.82,8.3,8,2.24,0,0
151,0,1,26,196.5,98,33.41,175.8,111,14.94,221.8,124,9.98,13.4,5,3.62,0,0
137,0,0,0,115.0,130,19.55,137.8,83,11.71,224.0,61,10.08,7.3,4,1.97,3,0
75,0,1,37,121.5,97,20.66,271.4,110,23.07,248.7,97,11.19,11.3,5,3.05,2,0
99,1,1,39,126.8,94,21.56,293.6,115,24.96,174.1,91,7.83,8.4,4,2.27,0,0
86,0,1,29,157.2,118,26.72,196.3,136,16.69,226.7,109,10.2,8.4,5,2.27,3,0
145,0,0,0,129.4,97,22.0,185.4,101,15.76,204.7,106,9.21,1.1,2,0.3,2,0
85,0,1,17,89.8,88,15.27,233.2,75,19.82,165.7,116,7.46,9.3,7,2.51,4,1
131,1,0,0,122.3,83,20.79,118.8,94,10.1,147.9,95,6.66,13.7,3,3.7,3,1
128,0,0,0,195.6,99,33.25,267.8,120,22.76,164.9,76,7.42,16.0,2,4.32,0,0
